,depth,naw_temp,naw_sal,naw_den,saw_temp,saw_sal,saw_den
0,0,,,,,,
1,2,,,,,,
2,4,,,,,,
3,6,,,,,,
4,8,,,,,,
5,10,,,,,,
6,12,,,,,,
7,14,,,,,,
8,16,,,,,,
9,18,,,,,,
10,20,,,,,,
11,22,,,,,,
12,24,,,,,,
13,26,,,,,,
14,28,,,,,,
15,30,,,,,,
16,32,,,,,,
17,34,,,,,,
18,36,,,,,,
19,38,,,,,,
20,40,,,,,,
21,42,,,,,,
22,44,,,,,,
23,46,,,,,,
24,48,,,,,,
25,50,,,,,,
26,52,,,,,,
27,54,,,,,,
28,56,,,,,,
29,58,,,,,,
30,60,,,,,,
31,62,,,,,,
32,64,,,,,,
33,66,,,,,,
34,68,,,,,,
35,70,,,,,,
36,72,,,,,,
37,74,,,,,,
38,76,,,,,,
39,78,,,,,,
40,80,26.094663514308742,37.27680085258816,1024.5655189757622,23.75022762149248,36.284736395899266,1024.5488540095168
41,82,26.026598607465274,37.28661634923878,1024.5942607527556,23.44453832118719,36.283590988382876,1024.6376814124485
42,84,25.958533700621803,37.296431845889394,1024.623002529749,23.138849020881896,36.282445580866494,1024.7265088153804
43,86,25.887705195466616,37.306909633685834,1024.653060730272,22.801129508528565,36.276159751138465,1024.819650648376
44,88,25.814113091999705,37.318049712628095,1024.6844353543245,22.43137978412719,36.26473349919879,1024.9171069114354
45,90,25.740520988532793,37.32918979157036,1024.715809978377,22.061630059725818,36.25330724725912,1025.014563174495
46,92,25.66634046988698,37.346081989008404,1024.7515293825795,21.67422182513351,36.235214645403765,1025.1090833040585
47,94,25.592159951241165,37.36297418644645,1024.7872487867821,21.286813590541207,36.217122043548414,1025.2036034336218
48,96,25.50771121880333,37.37665764739756,1024.823738953795,20.910696195267665,36.199553756346376,1025.2939249890146
49,98,25.412994272573467,37.387132371861725,1024.8609998836187,20.545869639312887,36.18250978379765,1025.3800479702368
50,100,25.31827732634361,37.3976070963259,1024.898260813442,20.18104308335811,36.16546581124893,1025.466170951459
51,102,25.21887072912526,37.40093498077503,1024.9311413342646,20.111203454367686,36.161513224442366,1025.4816065734126
52,104,25.119464131906916,37.404262865224155,1024.9640218550871,20.041363825377264,36.1575606376358,1025.4970421953665
53,106,25.02005753468857,37.40759074967328,1024.9969023759097,19.97152419638684,36.153608050829234,1025.5124778173201
54,108,24.920650937470224,37.41091863412241,1025.0297828967323,19.90168456739642,36.14965546402267,1025.527913439274
55,110,24.821244340251877,37.41424651857154,1025.0626634175549,19.831844938405997,36.1457028772161,1025.5433490612277
56,112,24.721837743033532,37.417574403020666,1025.0955439383774,19.762005309415574,36.14175029040954,1025.5587846831816
57,114,24.622431145815185,37.420902287469794,1025.1284244592,19.69216568042515,36.13779770360298,1025.5742203051352
58,116,24.52302454859684,37.42423017191892,1025.1613049800226,19.622326051434726,36.13384511679641,1025.589655927089
59,118,24.423617951378493,37.42755805636805,1025.1941855008452,19.552486422444304,36.129892529989846,1025.6050915490428
60,120,24.32421135416015,37.43088594081718,1025.2270660216677,19.48264679345388,36.12593994318328,1025.6205271709966
61,122,24.2248047569418,37.434213825266305,1025.2599465424903,19.41280716446346,36.121987356376714,1025.6359627929503
62,124,24.125398159723456,37.43754170971543,1025.2928270633129,19.342967535473036,36.11803476957015,1025.6513984149042
63,126,24.0217293275204,37.43625947361594,1025.3230397953048,19.276711201378575,36.11375839503433,1025.665419075634
64,128,23.913798260332637,37.43036711696784,1025.350584738466,19.214038162180078,36.10915823276925,1025.6780247751399
65,130,23.805867193144874,37.42447476031973,1025.3781296816271,19.151365122981577,36.104558070504176,1025.6906304746456
66,132,23.69793612595711,37.41858240367163,1025.4056746247884,19.08869208378308,36.099957908239105,1025.7032361741515
67,134,23.590005058769346,37.412690047023524,1025.4332195679497,19.026019044584583,36.09535774597403,1025.7158418736574
68,136,23.482073991581583,37.40679769037542,1025.4607645111107,18.963346005386082,36.09075758370895,1025.7284475731633
69,138,23.374142924393816,37.400905333727316,1025.488309454272,18.900672966187585,36.08615742144387,1025.741053272669
70,140,23.266211857206052,37.39501297707921,1025.515854397433,18.837999926989085,36.081557259178794,1025.753658972175
71,142,23.15828079001829,37.38912062043111,1025.5433993405943,18.775326887790587,36.076957096913716,1025.7662646716808
72,144,23.050349722830525,37.383228263783,1025.5709442837554,18.712653848592087,36.072356934648646,1025.7788703711867
73,146,22.94241865564276,37.3773359071349,1025.5984892269166,18.64998080939359,36.06775677238357,1025.7914760706924
74,148,22.834487588454998,37.371443550486795,1025.6260341700777,18.58730777019509,36.06315661011849,1025.8040817701983
75,150,22.726556521267234,37.36555119383869,1025.653579113239,18.524634730996592,36.05855644785341,1025.8166874697042
76,152,22.60349615569292,37.35258725052087,1025.678857648131,18.468386725764688,36.05350736288148,1025.8269332556652
77,154,22.480435790118605,37.33962330720305,1025.7041361830231,18.412138720532784,36.04845827790955,1025.8371790416259
78,156,22.35737542454429,37.32665936388522,1025.7294147179152,18.355890715300877,36.043409192937624,1025.8474248275868
79,158,22.234315058969976,37.3136954205674,1025.7546932528073,18.299642710068973,36.038360107965694,1025.8576706135477
80,160,22.11125469339566,37.30073147724958,1025.7799717876994,18.24339470483707,36.033311022993765,1025.8679163995087
81,162,21.988194327821347,37.287767533931756,1025.8052503225915,18.187146699605165,36.028261938021835,1025.8781621854694
82,164,21.865133962247032,37.274803590613935,1025.8305288574838,18.13089869437326,36.02321285304991,1025.8884079714303
83,166,21.742073596672718,37.26183964729611,1025.855807392376,18.074650689141354,36.01816376807798,1025.8986537573912
84,168,21.619013231098403,37.248875703978285,1025.881085927268,18.01840268390945,36.01311468310605,1025.908899543352
85,170,21.49595286552409,37.235911760660464,1025.9063644621601,17.962154678677546,36.008065598134124,1025.9191453293129
86,172,21.372892499949774,37.22294781734264,1025.9316429970522,17.905906673445642,36.003016513162194,1025.9293911152738
87,174,21.24983213437546,37.20998387402482,1025.9569215319443,17.84965866821374,35.997967428190265,1025.9396369012347
88,176,21.130262162067492,37.19620271142039,1025.9798475646564,17.796112331106624,35.99308253734368,1025.9491765756823
89,178,21.014182583025875,37.18160432952936,1026.0004210951888,17.7452676621243,35.98836184062245,1025.9580101386168
90,180,20.89810300398426,37.16700594763833,1026.020994625721,17.694422993141973,35.983641143901224,1025.9668437015512
91,182,20.782023424942643,37.152407565747296,1026.0415681562533,17.643578324159648,35.978920447179995,1025.9756772644857
92,184,20.665943845901026,37.13780918385626,1026.0621416867857,17.592733655177323,35.97419975045876,1025.9845108274203
93,186,20.54986426685941,37.123210801965236,1026.0827152173179,17.541888986194998,35.96947905373753,1025.9933443903547
94,188,20.433784687817795,37.1086124200742,1026.1032887478502,17.491044317212673,35.9647583570163,1026.0021779532892
95,190,20.317705108776178,37.09401403818317,1026.1238622783824,17.440199648230347,35.960037660295065,1026.0110115162236
96,192,20.20162552973456,37.07941565629214,1026.1444358089147,17.389354979248026,35.955316963573836,1026.0198450791581
97,194,20.085545950692943,37.06481727440111,1026.165009339447,17.3385103102657,35.95059626685261,1026.0286786420925
98,196,19.96946637165133,37.050218892510074,1026.1855828699793,17.287665641283375,35.94587557013138,1026.037512205027
99,198,19.85338679260971,37.03562051061905,1026.2061564005114,17.23682097230105,35.94115487341014,1026.0463457679614
100,200,19.737307213568094,37.02102212872801,1026.2267299310438,17.185976303318725,35.93643417668891,1026.055179330896
101,202,19.645748366352276,37.00438957361887,1026.2380438109583,17.143597032755054,35.93209184643175,1026.0620057413853
102,204,19.554189519136457,36.98775701850974,1026.2493576908728,17.101217762191382,35.927749516174586,1026.0688321518744
103,206,19.46263067192064,36.9711244634006,1026.2606715707875,17.05883849162771,35.923407185917426,1026.0756585623637
104,208,19.37107182470482,36.954491908291466,1026.271985450702,17.01645922106404,35.91906485566026,1026.082484972853
105,210,19.279512977489006,36.937859353182326,1026.2832993306165,16.974079950500368,35.9147225254031,1026.0893113833422
106,212,19.187954130273187,36.92122679807319,1026.294613210531,16.931700679936696,35.91038019514593,1026.0961377938315
107,214,19.09639528305737,36.90459424296405,1026.3059270904455,16.889321409373025,35.90603786488877,1026.1029642043209
108,216,19.00483643584155,36.88796168785492,1026.3172409703602,16.846942138809354,35.90169553463161,1026.10979061481
109,218,18.913277588625732,36.87132913274578,1026.3285548502747,16.804562868245682,35.89735320437445,1026.1166170252993
110,220,18.821718741409914,36.854696577636645,1026.3398687301892,16.76218359768201,35.89301087411728,1026.1234434357887
111,222,18.730159894194095,36.838064022527504,1026.3511826101037,16.71980432711834,35.88866854386012,1026.1302698462778
112,224,18.638601046978277,36.82143146741837,1026.3624964900182,16.677425056554668,35.884326213602954,1026.137096256767
113,226,18.57571053697959,36.81054829721872,1026.3705515992815,16.637102552790854,35.88026842405563,1026.1435571953443
114,228,18.54148836419803,36.80541451192856,1026.3753479378934,16.598836815826896,35.87649517521814,1026.1496526620092
115,230,18.50726619141647,36.800280726638405,1026.380144276505,16.56057107886294,35.872721926380656,1026.155748128674
116,232,18.47304401863491,36.79514694134825,1026.3849406151169,16.52230534189898,35.868948677543166,1026.161843595339
117,234,18.43882184585335,36.79001315605809,1026.3897369537287,16.484039604935024,35.865175428705676,1026.1679390620038
118,236,18.40459967307179,36.78487937076793,1026.3945332923404,16.445773867971067,35.861402179868186,1026.174034528669
119,238,18.370377500290232,36.77974558547777,1026.3993296309523,16.40750813100711,35.8576289310307,1026.1801299953338
120,240,18.33615532750867,36.774611800187614,1026.4041259695641,16.36924239404315,35.85385568219321,1026.1862254619987
121,242,18.30193315472711,36.76947801489746,1026.4089223081758,16.330976657079194,35.85008243335572,1026.1923209286635
122,244,18.26771098194555,36.764344229607296,1026.4137186467876,16.292710920115237,35.84630918451823,1026.1984163953284
123,246,18.23348880916399,36.75921044431714,1026.4185149853995,16.25444518315128,35.84253593568075,1026.2045118619935
124,248,18.199266636382433,36.75407665902698,1026.4233113240111,16.216179446187322,35.83876268684326,1026.2106073286584
125,250,18.16504446360087,36.74894287373682,1026.428107662623,16.177913709223365,35.83498943800577,1026.2167027953233
126,252,18.13794349990746,36.74485856459552,1026.4317955467288,16.145964607920174,35.83180673332645,1026.2216354571221
127,254,18.11084253621405,36.74077425545421,1026.4354834308347,16.114015506616983,35.82862402864714,1026.226568118921
128,256,18.08374157252064,36.73668994631291,1026.4391713149405,16.082066405313793,35.82544132396782,1026.23150078072
129,258,18.05664060882723,36.7326056371716,1026.4428591990463,16.0501173040106,35.82225861928851,1026.2364334425188
130,260,18.02953964513382,36.7285213280303,1026.4465470831524,16.01816820270741,35.81907591460919,1026.2413661043179
131,262,18.00243868144041,36.72443701888899,1026.4502349672582,15.98621910140422,35.81589320992988,1026.2462987661168
132,264,17.975337717747,36.720352709747694,1026.453922851364,15.95427000010103,35.812710505250564,1026.2512314279156
133,266,17.94823675405359,36.71626840060639,1026.4576107354699,15.922320898797839,35.80952780057125,1026.2561640897145
134,268,17.92113579036018,36.71218409146508,1026.4612986195757,15.890371797494648,35.806345095891935,1026.2610967515134
135,270,17.89403482666677,36.70809978232378,1026.4649865036815,15.858422696191457,35.803162391212624,1026.2660294133123
136,272,17.866933862973358,36.70401547318247,1026.4686743877874,15.826473594888267,35.799979686533305,1026.2709620751111
137,274,17.839832899279948,36.69993116404117,1026.4723622718932,15.794524493585076,35.796796981853994,1026.27589473691
138,276,17.813265868716904,36.69591307967723,1026.4759264111765,15.745544686907303,35.79235879878015,1026.2836002757358
139,278,17.78723277128423,36.69196122009067,1026.4793668056373,15.679534174854949,35.78666513731177,1026.2940786915883
140,280,17.761199673851554,36.688009360504104,1026.4828072000978,15.613523662802596,35.7809714758434,1026.3045571074406
141,282,17.73516657641888,36.68405750091754,1026.4862475945586,15.547513150750241,35.77527781437502,1026.315035523293
142,284,17.709133478986207,36.680105641330975,1026.4896879890193,15.481502638697886,35.769584152906646,1026.3255139391456
143,286,17.68310038155353,36.67615378174441,1026.4931283834799,15.415492126645532,35.763890491438275,1026.3359923549979
144,288,17.657067284120856,36.67220192215784,1026.4965687779406,15.349481614593179,35.7581968299699,1026.3464707708504
145,290,17.631034186688183,36.668250062571275,1026.5000091724012,15.283471102540824,35.752503168501526,1026.3569491867029
146,292,17.605001089255506,36.66429820298471,1026.503449566862,15.21746059048847,35.74680950703315,1026.3674276025552
147,294,17.578967991822832,36.660346343398146,1026.5068899613225,15.151450078436115,35.74111584556478,1026.3779060184077
148,296,17.55293489439016,36.65639448381158,1026.5103303557833,15.085439566383762,35.7354221840964,1026.3883844342602
149,298,17.526901796957482,36.65244262422502,1026.5137707502438,15.019429054331408,35.72972852262803,1026.3988628501124
150,300,17.50086869952481,36.64849076463845,1026.5172111447046,14.953418542279053,35.72403486115965,1026.409341265965
151,302,17.474867761835984,36.64416153552758,1026.5202785759657,14.813206203734573,35.70433824956024,1026.4240304552563
152,304,17.448866824147164,36.63983230641671,1026.523346007227,14.672993865190096,35.68464163796082,1026.4387196445475
153,306,17.42286588645834,36.63550307730583,1026.5264134384881,14.532781526645616,35.66494502636141,1026.453408833839
154,308,17.396864948769515,36.631173848194955,1026.5294808697495,14.392569188101138,35.645248414761994,1026.46809802313
155,310,17.37086401108069,36.62684461908408,1026.5325483010106,14.252356849556659,35.62555180316258,1026.4827872124215
156,312,17.34486307339187,36.62251538997321,1026.5356157322717,14.11214451101218,35.605855191563165,1026.497476401713
157,314,17.318862135703046,36.61818616086234,1026.538683163533,13.971932172467701,35.58615857996375,1026.512165591004
158,316,17.292861198014222,36.61385693175146,1026.5417505947942,13.831719833923223,35.56646196836434,1026.5268547802955
159,318,17.2668602603254,36.609527702640584,1026.5448180260555,13.691507495378744,35.54676535676492,1026.5415439695867
160,320,17.240859322636577,36.60519847352971,1026.5478854573166,13.551295156834266,35.52706874516551,1026.556233158878
161,322,17.214858384947753,36.60086924441884,1026.5509528885777,13.411082818289787,35.50737213356609,1026.5709223481695
162,324,17.18885744725893,36.596540015307966,1026.554020319839,13.270870479745309,35.48767552196668,1026.5856115374606
163,326,17.161957233173553,36.59203540494245,1026.5571299409703,13.148405269763524,35.47093470941001,1026.5979814788325
164,328,17.134157742691624,36.58735541332229,1026.5602817519718,13.043687188344435,35.45714969589608,1026.6080321722845
165,330,17.106358252209695,36.58267542170214,1026.5634335629734,12.938969106925345,35.44336468238215,1026.6180828657366
166,332,17.078558761727766,36.577995430081984,1026.566585373975,12.834251025506257,35.42957966886823,1026.6281335591887
167,334,17.050759271245838,36.57331543846183,1026.5697371849765,12.729532944087167,35.4157946553543,1026.6381842526407
168,336,17.02295978076391,36.568635446841675,1026.5728889959778,12.624814862668078,35.40200964184037,1026.648234946093
169,338,16.99516029028198,36.563955455221524,1026.5760408069793,12.520096781248988,35.38822462832644,1026.658285639545
170,340,16.96736079980005,36.55927546360137,1026.5791926179809,12.4153786998299,35.374439614812516,1026.6683363329971
171,342,16.939561309318123,36.554595471981216,1026.5823444289824,12.31066061841081,35.36065460129859,1026.6783870264492
172,344,16.911761818836194,36.54991548036106,1026.585496239984,12.20594253699172,35.34686958778466,1026.6884377199012
173,346,16.883962328354265,36.54523548874091,1026.5886480509853,12.10122445557263,35.333084574270735,1026.6984884133535
174,348,16.856162837872336,36.54055549712075,1026.5917998619868,11.99650637415354,35.319299560756804,1026.7085391068056
175,350,16.828363347390408,36.5358755055006,1026.5949516729884,11.891788292734452,35.30551454724288,1026.7185898002576
176,352,16.79854716315037,36.530746808531326,1026.5981463776445,11.81114396946599,35.29562042328524,1026.7259118845145
177,354,16.768730978910334,36.52561811156206,1026.6013410823007,11.73049964619753,35.285726299327614,1026.7332339687714
178,356,16.738914794670297,36.52048941459279,1026.6045357869566,11.649855322929067,35.27583217536998,1026.7405560530285
179,358,16.70909861043026,36.515360717623516,1026.6077304916128,11.569210999660607,35.26593805141234,1026.7478781372854
180,360,16.67928242619022,36.51023202065425,1026.610925196269,11.488566676392145,35.25604392745471,1026.7552002215423
181,362,16.649466241950183,36.50510332368498,1026.614119900925,11.407922353123682,35.246149803497076,1026.7625223057992
182,364,16.619650057710146,36.49997462671571,1026.6173146055812,11.327278029855222,35.23625567953944,1026.7698443900563
183,366,16.58983387347011,36.49484592974644,1026.6205093102371,11.24663370658676,35.22636155558181,1026.7771664743132
184,368,16.560017689230072,36.48971723277717,1026.6237040148933,11.1659893833183,35.216467431624174,1026.78448855857
185,370,16.530201504990035,36.4845885358079,1026.6268987195494,11.085345060049837,35.20657330766654,1026.791810642827
186,372,16.50038532075,36.47945983883863,1026.6300934242056,11.004700736781375,35.19667918370891,1026.799132727084
187,374,16.470569136509962,36.47433114186936,1026.6332881288618,10.924056413512915,35.18678505975127,1026.806454811341
188,376,16.439666544238992,36.469040141944625,1026.6365581328512,10.850339112642988,35.178000882287876,1026.813021855077
189,378,16.407677543937094,36.463586839064426,1026.6399034361743,10.783548834171595,35.170326651318724,1026.8188338582927
190,380,16.375688543635196,36.45813353618422,1026.6432487394973,10.716758555700203,35.16265242034957,1026.8246458615083
191,382,16.343699543333297,36.45268023330402,1026.6465940428204,10.64996827722881,35.15497818938042,1026.830457864724
192,384,16.3117105430314,36.447226930423824,1026.6499393461434,10.583177998757417,35.14730395841127,1026.8362698679396
193,386,16.2797215427295,36.44177362754362,1026.6532846494665,10.516387720286025,35.13962972744212,1026.842081871155
194,388,16.247732542427602,36.43632032466342,1026.6566299527894,10.449597441814632,35.13195549647297,1026.8478938743706
195,390,16.215743542125704,36.43086702178322,1026.6599752561126,10.382807163343239,35.12428126550382,1026.8537058775862
196,392,16.183754541823806,36.425413718903016,1026.6633205594355,10.316016884871846,35.11660703453467,1026.8595178808018
197,394,16.151765541521907,36.41996041602282,1026.6666658627587,10.249226606400455,35.108932803565516,1026.8653298840175
198,396,16.11977654122001,36.41450711314262,1026.6700111660816,10.182436327929063,35.101258572596365,1026.8711418872329
199,398,16.08778754091811,36.409053810262414,1026.6733564694048,10.11564604945767,35.09358434162721,1026.8769538904485
200,400,16.055798540616212,36.403600507382215,1026.6767017727277,10.048855770986277,35.08591011065806,1026.882765893664
201,402,16.021737961873193,36.39788458329307,1026.6801955629223,9.993628499865007,35.07975584968153,1026.8872650579867
202,404,15.987677383130173,36.39216865920392,1026.6836893531172,9.938401228743738,35.073601588705,1026.8917642223093
203,406,15.953616804387153,36.38645273511477,1026.6871831433118,9.88317395762247,35.06744732772847,1026.896263386632
204,408,15.919556225644135,36.38073681102562,1026.6906769335067,9.8279466865012,35.061293066751944,1026.9007625509546
205,410,15.885495646901115,36.375020886936476,1026.6941707237013,9.77271941537993,35.055138805775414,1026.9052617152772
206,412,15.851435068158095,36.36930496284733,1026.697664513896,9.71749214425866,35.048984544798884,1026.9097608795998
207,414,15.817374489415075,36.36358903875818,1026.7011583040908,9.66226487313739,35.04283028382235,1026.9142600439222
208,416,15.783313910672055,36.35787311466903,1026.7046520942854,9.607037602016122,35.03667602284582,1026.9187592082449
209,418,15.749253331929035,36.35215719057988,1026.7081458844802,9.551810330894853,35.03052176186929,1026.9232583725675
210,420,15.715192753186017,36.346441266490736,1026.7116396746749,9.496583059773583,35.02436750089276,1026.92775753689
211,422,15.681132174442997,36.34072534240159,1026.7151334648695,9.441355788652313,35.01821323991623,1026.9322567012127
212,424,15.647071595699977,36.33500941831244,1026.7186272550643,9.386128517531043,35.0120589789397,1026.9367558655354
213,426,15.612360926666419,36.32923842780214,1026.7221535892559,9.33592077437551,35.0065774385592,1026.940778726033
214,428,15.577000167342321,36.32341237087069,1026.7257124674445,9.29073255918571,35.00176861877472,1026.9443252827057
215,430,15.541639408018224,36.31758631393924,1026.7292713456332,9.245544343995912,34.99695979899025,1026.9478718393782
216,432,15.506278648694126,36.31176025700779,1026.7328302238216,9.200356128806112,34.992150979205775,1026.951418396051
217,434,15.470917889370028,36.30593420007634,1026.7363891020102,9.155167913616312,34.987342159421296,1026.9549649527237
218,436,15.43555713004593,36.30010814314489,1026.7399479801988,9.109979698426512,34.982533339636824,1026.9585115093962
219,438,15.400196370721833,36.294282086213435,1026.7435068583873,9.064791483236714,34.977724519852345,1026.962058066069
220,440,15.364835611397735,36.28845602928199,1026.747065736576,9.019603268046914,34.97291570006787,1026.9656046227415
221,442,15.32947485207364,36.282629972350534,1026.7506246147643,8.974415052857115,34.9681068802834,1026.9691511794142
222,444,15.294114092749542,36.27680391541909,1026.754183492953,8.929226837667315,34.96329806049892,1026.9726977360867
223,446,15.258753333425444,36.27097785848763,1026.7577423711416,8.884038622477515,34.95848924071445,1026.9762442927595
224,448,15.223392574101346,36.265151801556186,1026.76130124933,8.838850407287717,34.95368042092997,1026.979790849432
225,450,15.188031814777249,36.25932574462473,1026.7648601275187,8.793662192097917,34.9488716011455,1026.9833374061047
226,452,15.152303435498231,36.25360944241257,1026.7684289314807,8.755790959931062,34.94495303868814,1026.9861785376681
227,454,15.116575056219213,36.247893140200404,1026.7719977354427,8.717919727764206,34.941034476230776,1026.9890196692315
228,456,15.080846676940196,36.24217683798824,1026.7755665394047,8.680048495597351,34.93711591377342,1026.991860800795
229,458,15.045118297661178,36.23646053577608,1026.7791353433668,8.642177263430495,34.93319735131605,1026.9947019323583
230,460,15.00938991838216,36.23074423356392,1026.7827041473288,8.60430603126364,34.929278788858696,1026.9975430639217
231,462,14.973661539103142,36.225027931351754,1026.7862729512908,8.566434799096784,34.92536022640134,1027.0003841954851
232,464,14.937933159824127,36.21931162913959,1026.7898417552528,8.528563566929929,34.92144166394397,1027.0032253270488
233,466,14.902204780545109,36.213595326927425,1026.7934105592149,8.490692334763073,34.917523101486616,1027.0060664586122
234,468,14.866476401266091,36.20787902471526,1026.796979363177,8.452821102596218,34.91360453902925,1027.0089075901756
235,470,14.830748021987073,36.202162722503104,1026.800548167139,8.414949870429362,34.90968597657189,1027.011748721739
236,472,14.795019642708056,36.19644642029094,1026.804116971101,8.377078638262507,34.905767414114536,1027.0145898533024
237,474,14.759291263429038,36.190730118078775,1026.807685775063,8.339207406095651,34.90184885165717,1027.0174309848658
238,476,14.723248912487314,36.185019787704235,1026.8112473332314,8.304483281383744,34.89830870463543,1027.0200003793773
239,478,14.686892589882884,36.17931542916732,1026.8148016456062,8.272906264126783,34.89514697304931,1027.0222980368367
240,480,14.650536267278454,36.17361107063041,1026.818355957981,8.241329246869823,34.89198524146318,1027.024595694296
241,482,14.614179944674024,36.16790671209349,1026.821910270356,8.209752229612862,34.88882350987706,1027.0268933517555
242,484,14.577823622069594,36.16220235355657,1026.8254645827308,8.178175212355901,34.88566177829094,1027.0291910092149
243,486,14.541467299465165,36.156497995019656,1026.8290188951057,8.14659819509894,34.88250004670481,1027.0314886666742
244,488,14.505110976860735,36.150793636482746,1026.8325732074804,8.11502117784198,34.87933831511869,1027.0337863241336
245,490,14.468754654256305,36.14508927794583,1026.8361275198554,8.08344416058502,34.87617658353257,1027.036083981593
246,492,14.432398331651875,36.13938491940891,1026.8396818322303,8.051867143328058,34.873014851946444,1027.0383816390527
247,494,14.396042009047445,36.133680560871994,1026.843236144605,8.020290126071098,34.86985312036032,1027.040679296512
248,496,14.359685686443015,36.127976202335084,1026.84679045698,7.988713108814137,34.86669138877419,1027.0429769539714
249,498,14.323329363838585,36.12227184379817,1026.8503447693547,7.957136091557176,34.863529657188074,1027.0452746114308
250,500,14.286973041234155,36.11656748526125,1026.8538990817297,7.925559074300216,34.86036792560195,1027.0475722688902
251,502,14.251035487906227,36.11122935425906,1026.8573978946831,7.911559020638792,34.85900572620928,1027.0485629637958
252,504,14.2150979345783,36.10589122325687,1026.8608967076364,7.897558966977368,34.85764352681662,1027.0495536587011
253,506,14.179160381250373,36.10055309225468,1026.8643955205898,7.883558913315944,34.85628132742396,1027.0505443536067
254,508,14.143222827922445,36.09521496125249,1026.867894333543,7.86955885965452,34.85491912803129,1027.0515350485123
255,510,14.107285274594517,36.0898768302503,1026.8713931464965,7.855558805993096,34.853556928638625,1027.0525257434176
256,512,14.071347721266589,36.08453869924811,1026.8748919594498,7.841558752331672,34.85219472924596,1027.0535164383232
257,514,14.035410167938661,36.07920056824592,1026.8783907724032,7.827558698670249,34.8508325298533,1027.0545071332285
258,516,13.999472614610735,36.07386243724373,1026.8818895853565,7.813558645008825,34.84947033046063,1027.055497828134
259,518,13.963535061282807,36.06852430624154,1026.88538839831,7.799558591347401,34.84810813106797,1027.0564885230397
260,520,13.927597507954879,36.06318617523935,1026.8888872112632,7.785558537685977,34.8467459316753,1027.057479217945
261,522,13.89165995462695,36.05784804423716,1026.8923860242166,7.771558484024553,34.84538373228264,1027.0584699128506
262,524,13.855722401299023,36.05250991323497,1026.89588483717,7.757558430363129,34.844021532889975,1027.0594606077561
263,526,13.819784847971096,36.04717178223278,1026.8993836501234,7.743558376701705,34.84265933349731,1027.0604513026615
264,528,13.783847294643168,36.04183365123059,1026.9028824630766,7.729558323040281,34.84129713410464,1027.061441997567
265,530,13.74790974131524,36.0364955202284,1026.90638127603,7.715558269378857,34.839934934711984,1027.0624326924726
266,532,13.711972187987312,36.03115738922621,1026.9098800889833,7.701558215717433,34.83857273531932,1027.063423387378
267,534,13.676034634659384,36.02581925822402,1026.9133789019368,7.687558162056009,34.83721053592665,1027.0644140822835
268,536,13.640097081331458,36.02048112722183,1026.91687771489,7.673558108394585,34.835848336533985,1027.065404777189
269,538,13.60415952800353,36.015142996219645,1026.9203765278435,7.659558054733161,34.834486137141326,1027.0663954720944
270,540,13.568221974675602,36.009804865217454,1026.9238753407967,7.645558001071738,34.83312393774866,1027.067386167
271,542,13.532284421347674,36.004466734215264,1026.9273741537502,7.631557947410314,34.83176173835599,1027.0683768619053
272,544,13.496346868019746,35.99912860321307,1026.9308729667034,7.61755789374889,34.83039953896333,1027.069367556811
273,546,13.46040931469182,35.99379047221088,1026.9343717796569,7.603557840087466,34.82903733957067,1027.0703582517165
274,548,13.424471761363892,35.98845234120869,1026.9378705926101,7.589557786426042,34.827675140178,1027.0713489466218
275,550,13.388534208035964,35.9831142102065,1026.9413694055636,7.575557732764618,34.826312940785336,1027.0723396415274
276,552,13.35310250265793,35.978136061511904,1026.9447158169494,7.563101308512284,34.825174389119375,1027.0732315978273
277,554,13.317670797279895,35.97315791281731,1026.9480622283352,7.55064488425995,34.824035837453415,1027.074123554127
278,556,13.282239091901861,35.96817976412271,1026.951408639721,7.538188460007616,34.822897285787455,1027.075015510427
279,558,13.246807386523827,35.96320161542812,1026.9547550511068,7.525732035755282,34.821758734121495,1027.0759074667267
280,560,13.21137568114579,35.95822346673352,1026.9581014624926,7.513275611502948,34.820620182455535,1027.0767994230266
281,562,13.175943975767757,35.953245318038924,1026.9614478738783,7.500819187250614,34.819481630789575,1027.0776913793263
282,564,13.140512270389722,35.94826716934433,1026.9647942852644,7.48836276299828,34.818343079123615,1027.0785833356263
283,566,13.105080565011688,35.94328902064973,1026.9681406966502,7.475906338745946,34.817204527457655,1027.079475291926
284,568,13.069648859633654,35.93831087195513,1026.971487108036,7.463449914493612,34.816065975791695,1027.080367248226
285,570,13.03421715425562,35.93333272326054,1026.9748335194217,7.450993490241278,34.814927424125734,1027.0812592045258
286,572,12.998785448877586,35.928354574565944,1026.9781799308075,7.438537065988944,34.813788872459774,1027.0821511608256
287,574,12.963353743499551,35.923376425871346,1026.9815263421933,7.42608064173661,34.812650320793814,1027.0830431171255
288,576,12.927922038121515,35.91839827717675,1026.984872753579,7.413624217484276,34.81151176912786,1027.0839350734252
289,578,12.892490332743481,35.91342012848215,1026.988219164965,7.401167793231942,34.8103732174619,1027.0848270297251
290,580,12.857058627365447,35.908441979787554,1026.9915655763507,7.3887113689796085,34.80923466579594,1027.0857189860249
291,582,12.821626921987413,35.903463831092964,1026.9949119877365,7.3762549447272745,34.80809611412998,1027.0866109423248
292,584,12.786195216609379,35.898485682398366,1026.9982583991223,7.3637985204749405,34.80695756246402,1027.0875028986247
293,586,12.750763511231344,35.89350753370377,1027.001604810508,7.351342096222607,34.80581901079806,1027.0883948549244
294,588,12.71533180585331,35.88852938500917,1027.004951221894,7.338885671970273,34.8046804591321,1027.0892868112244
295,590,12.679900100475276,35.883551236314574,1027.0082976332799,7.326429247717939,34.80354190746614,1027.090178767524
296,592,12.64446839509724,35.878573087619976,1027.0116440446657,7.313972823465605,34.80240335580018,1027.091070723824
297,594,12.609036689719206,35.873594938925386,1027.0149904560515,7.301516399213271,34.80126480413422,1027.0919626801237
298,596,12.573604984341172,35.86861679023079,1027.0183368674373,7.289059974960937,34.80012625246826,1027.0928546364237
299,598,12.538173278963137,35.86363864153619,1027.021683278823,7.276603550708603,34.7989877008023,1027.0937465927234
300,600,12.502741573585103,35.858660492841594,1027.0250296902088,7.264147126456269,34.79784914913634,1027.0946385490233
301,602,12.467313025364376,35.85394641961418,1027.0282543539224,7.253333596096883,34.79681024563498,1027.0953373847688
302,604,12.43188447714365,35.84923234638678,1027.031479017636,7.242520065737497,34.79577134213361,1027.0960362205142
303,606,12.39645592892292,35.844518273159366,1027.0347036813498,7.231706535378112,34.79473243863225,1027.0967350562596
304,608,12.361027380702193,35.839804199931955,1027.0379283450634,7.220893005018725,34.793693535130885,1027.0974338920048
305,610,12.325598832481466,35.83509012670455,1027.041153008777,7.21007947465934,34.792654631629524,1027.0981327277502
306,612,12.29017028426074,35.83037605347714,1027.0443776724906,7.199265944299953,34.79161572812816,1027.0988315634957
307,614,12.25474173604001,35.825661980249734,1027.0476023362044,7.188452413940568,34.7905768246268,1027.099530399241
308,616,12.219313187819283,35.82094790702232,1027.050826999918,7.1776388835811815,34.78953792112543,1027.1002292349865
309,618,12.183884639598556,35.81623383379491,1027.0540516636315,7.166825353221796,34.78849901762407,1027.100928070732
310,620,12.14845609137783,35.811519760567506,1027.057276327345,7.15601182286241,34.78746011412271,1027.1016269064771
311,622,12.1130275431571,35.806805687340095,1027.060500991059,7.145198292503024,34.78642121062134,1027.1023257422225
312,624,12.077598994936373,35.80209161411268,1027.0637256547725,7.134384762143638,34.78538230711998,1027.103024577968
313,626,12.042170446715646,35.79737754088528,1027.066950318486,7.123571231784252,34.784343403618614,1027.1037234137134
314,628,12.00674189849492,35.79266346765787,1027.0701749821997,7.112757701424866,34.783304500117254,1027.1044222494588
315,630,11.97131335027419,35.787949394430456,1027.0733996459135,7.1019441710654805,34.782265596615886,1027.1051210852042
316,632,11.935884802053463,35.78323532120305,1027.076624309627,7.091130640706094,34.781226693114526,1027.1058199209494
317,634,11.900456253832736,35.77852124797564,1027.0798489733406,7.080317110346709,34.780187789613166,1027.1065187566949
318,636,11.86502770561201,35.77380717474823,1027.0830736370542,7.069503579987322,34.7791488861118,1027.1072175924403
319,638,11.829599157391282,35.76909310152082,1027.086298300768,7.058690049627937,34.77810998261044,1027.1079164281857
320,640,11.794170609170553,35.76437902829341,1027.0895229644816,7.04787651926855,34.77707107910907,1027.1086152639311
321,642,11.758742060949826,35.75966495506601,1027.0927476281952,7.037062988909165,34.77603217560771,1027.1093140996766
322,644,11.7233135127291,35.754950881838596,1027.0959722919088,7.026249458549779,34.77499327210634,1027.1100129354218
323,646,11.68788496450837,35.750236808611184,1027.0991969556226,7.015435928190393,34.77395436860498,1027.1107117711672
324,648,11.652456416287643,35.74552273538378,1027.1024216193362,7.004622397831007,34.772915465103615,1027.1114106069126
325,650,11.617027868066916,35.74080866215637,1027.1056462830497,6.993808867471621,34.771876561602255,1027.112109442658
326,652,11.581776522626399,35.73622340785883,1027.1086089549772,6.983291411927547,34.7709563170214,1027.1128273695297
327,654,11.546525177185881,35.731638153561285,1027.1115716269048,6.972773956383473,34.770036072440554,1027.1135452964013
328,656,11.511273831745365,35.72705289926375,1027.1145342988323,6.962256500839398,34.7691158278597,1027.114263223273
329,658,11.476022486304847,35.7224676449662,1027.11749697076,6.951739045295324,34.768195583278846,1027.1149811501443
330,660,11.44077114086433,35.71788239066866,1027.1204596426874,6.94122158975125,34.767275338698,1027.115699077016
331,662,11.405519795423812,35.71329713637112,1027.123422314615,6.930704134207176,34.766355094117145,1027.1164170038876
332,664,11.370268449983296,35.70871188207358,1027.1263849865425,6.920186678663101,34.7654348495363,1027.1171349307592
333,666,11.335017104542779,35.704126627776034,1027.1293476584701,6.909669223119027,34.764514604955444,1027.1178528576309
334,668,11.29976575910226,35.699541373478496,1027.1323103303976,6.899151767574953,34.76359436037459,1027.1185707845025
335,670,11.264514413661743,35.69495611918096,1027.135273002325,6.888634312030878,34.76267411579374,1027.1192887113739
336,672,11.229263068221227,35.69037086488341,1027.1382356742527,6.8781168564868045,34.76175387121289,1027.1200066382455
337,674,11.19401172278071,35.685785610585874,1027.14119834618,6.86759940094273,34.760833626632035,1027.1207245651171
338,676,11.158760377340192,35.68120035628833,1027.1441610181078,6.857081945398655,34.75991338205119,1027.1214424919888
339,678,11.123509031899674,35.67661510199079,1027.1471236900352,6.846564489854581,34.758993137470334,1027.1221604188604
340,680,11.088257686459158,35.672029847693246,1027.1500863619628,6.836047034310507,34.75807289288948,1027.122878345732
341,682,11.05300634101864,35.66744459339571,1027.1530490338903,6.8255295787664325,34.75715264830863,1027.1235962726034
342,684,11.017754995578123,35.66285933909817,1027.1560117058177,6.815012123222358,34.75623240372778,1027.124314199475
343,686,10.982503650137605,35.658274084800624,1027.1589743777454,6.804494667678284,34.755312159146925,1027.1250321263467
344,688,10.947252304697088,35.653688830503086,1027.1619370496728,6.79397721213421,34.75439191456608,1027.1257500532183
345,690,10.912000959256572,35.64910357620554,1027.1648997216005,6.783459756590135,34.753471669985224,1027.12646798009
346,692,10.876749613816054,35.644518321908,1027.167862393528,6.772942301046061,34.75255142540438,1027.1271859069616
347,694,10.841498268375537,35.63993306761046,1027.1708250654556,6.762424845501987,34.75163118082352,1027.127903833833
348,696,10.80624692293502,35.63534781331292,1027.173787737383,6.751907389957912,34.75071093624267,1027.1286217607046
349,698,10.770995577494503,35.63076255901537,1027.1767504093107,6.741389934413839,34.74979069166182,1027.1293396875762
350,700,10.735744232053985,35.626177304717835,1027.179713081238,6.730872478869764,34.74887044708097,1027.1300576144479
351,702,10.70072162258883,35.62189549092377,1027.1825393147778,6.711828180415507,34.74727808664818,1027.1313339422065
352,704,10.665699013123675,35.6176136771297,1027.1853655483178,6.692783881961251,34.7456857262154,1027.1326102699652
353,706,10.63067640365852,35.61333186333563,1027.1881917818575,6.673739583506994,34.74409336578261,1027.1338865977239
354,708,10.595653794193364,35.60905004954156,1027.1910180153975,6.654695285052738,34.74250100534983,1027.1351629254825
355,710,10.560631184728209,35.60476823574749,1027.1938442489372,6.635650986598481,34.74090864491704,1027.1364392532412
356,712,10.525608575263053,35.60048642195342,1027.1966704824772,6.616606688144225,34.73931628448426,1027.1377155809998
357,714,10.490585965797898,35.596204608159354,1027.199496716017,6.597562389689968,34.73772392405147,1027.1389919087585
358,716,10.455563356332743,35.59192279436528,1027.202322949557,6.578518091235712,34.73613156361869,1027.1402682365172
359,718,10.420540746867587,35.587640980571216,1027.2051491830966,6.559473792781455,34.7345392031859,1027.1415445642758
360,720,10.385518137402432,35.58335916677715,1027.2079754166366,6.540429494327199,34.732946842753115,1027.1428208920345
361,722,10.350495527937277,35.57907735298308,1027.2108016501763,6.521385195872942,34.731354482320334,1027.1440972197931
362,724,10.315472918472121,35.57479553918901,1027.2136278837163,6.502340897418686,34.729762121887546,1027.1453735475518
363,726,10.280450309006966,35.57051372539494,1027.216454117256,6.483296598964429,34.728169761454765,1027.1466498753107
364,728,10.245427699541812,35.56623191160087,1027.219280350796,6.464252300510173,34.72657740102198,1027.1479262030693
365,730,10.210405090076657,35.5619500978068,1027.2221065843357,6.445208002055916,34.724985040589196,1027.149202530828
366,732,10.175382480611502,35.557668284012735,1027.2249328178757,6.42616370360166,34.72339268015641,1027.1504788585867
367,734,10.140359871146346,35.55338647021867,1027.2277590514154,6.407119405147403,34.72180031972362,1027.1517551863453
368,736,10.105337261681191,35.549104656424596,1027.2305852849554,6.388075106693147,34.72020795929084,1027.153031514104
369,738,10.070314652216036,35.54482284263053,1027.2334115184951,6.3690308082388905,34.71861559885805,1027.1543078418626
370,740,10.03529204275088,35.54054102883646,1027.236237752035,6.349986509784634,34.71702323842527,1027.1555841696213
371,742,10.000269433285725,35.53625921504239,1027.2390639855748,6.3309422113303775,34.71543087799248,1027.15686049738
372,744,9.96524682382057,35.53197740124832,1027.2418902191148,6.3118979128761215,34.7138385175597,1027.1581368251386
373,746,9.930224214355414,35.527695587454254,1027.2447164526545,6.2928536144218645,34.71224615712691,1027.1594131528973
374,748,9.895201604890259,35.52341377366018,1027.2475426861945,6.273809315967608,34.71065379669413,1027.160689480656
375,750,9.860178995425104,35.519131959866115,1027.2503689197342,6.254765017513352,34.709061436261344,1027.1619658084146
376,752,9.826411286896738,35.51512922251868,1027.2528757053647,6.237555772204606,34.7077625431029,1027.1631378970283
377,754,9.792643578368372,35.511126485171246,1027.2553824909949,6.220346526895862,34.70646364994446,1027.1643099856421
378,756,9.758875869840006,35.50712374782381,1027.2578892766253,6.203137281587117,34.70516475678602,1027.1654820742558
379,758,9.72510816131164,35.50312101047638,1027.2603960622557,6.185928036278372,34.70386586362758,1027.1666541628695
380,760,9.691340452783274,35.499118273128936,1027.262902847886,6.168718790969628,34.70256697046913,1027.1678262514833
381,762,9.657572744254908,35.4951155357815,1027.2654096335164,6.151509545660883,34.70126807731069,1027.168998340097
382,764,9.623805035726543,35.49111279843407,1027.2679164191468,6.134300300352138,34.699969184152245,1027.1701704287107
383,766,9.590037327198177,35.48711006108663,1027.270423204777,6.117091055043393,34.6986702909938,1027.1713425173245
384,768,9.55626961866981,35.4831073237392,1027.2729299904074,6.099881809734648,34.69737139783536,1027.1725146059382
385,770,9.522501910141445,35.47910458639176,1027.2754367760378,6.082672564425904,34.69607250467692,1027.1736866945519
386,772,9.48873420161308,35.47510184904433,1027.277943561668,6.065463319117159,34.69477361151848,1027.1748587831657
387,774,9.454966493084713,35.471099111696894,1027.2804503472985,6.048254073808414,34.69347471836004,1027.1760308717794
388,776,9.421198784556347,35.46709637434945,1027.282957132929,6.031044828499669,34.69217582520159,1027.177202960393
389,778,9.387431076027982,35.46309363700202,1027.2854639185593,6.013835583190924,34.690876932043146,1027.1783750490067
390,780,9.353663367499616,35.45909089965458,1027.2879707041895,5.996626337882179,34.689578038884704,1027.1795471376206
391,782,9.31989565897125,35.45508816230715,1027.29047748982,5.979417092573435,34.68827914572626,1027.1807192262343
392,784,9.286127950442884,35.451085424959714,1027.2929842754504,5.96220784726469,34.68698025256782,1027.181891314848
393,786,9.252360241914518,35.44708268761228,1027.2954910610806,5.944998601955945,34.68568135940938,1027.1830634034618
394,788,9.218592533386152,35.443079950264845,1027.297997846711,5.9277893566472,34.68438246625094,1027.1842354920755
395,790,9.184824824857786,35.43907721291741,1027.3005046323415,5.910580111338455,34.683083573092496,1027.1854075806891
396,792,9.15105711632942,35.43507447556997,1027.3030114179717,5.893370866029711,34.68178467993405,1027.186579669303
397,794,9.117289407801055,35.431071738222535,1027.305518203602,5.876161620720966,34.680485786775606,1027.1877517579167
398,796,9.083521699272689,35.4270690008751,1027.3080249892325,5.858952375412221,34.679186893617164,1027.1889238465303
399,798,9.049753990744323,35.423066263527666,1027.3105317748627,5.841743130103477,34.67788800045872,1027.1900959351442
400,800,9.015986282215957,35.41906352618023,1027.3130385604932,5.824533884794731,34.67658910730028,1027.1912680237579
401,802,8.985456050524549,35.415712771721616,1027.3152421875295,5.808926367360472,34.675543109429555,1027.192359378495
402,804,8.954925818833143,35.412362017263,1027.3174458145659,5.793318849926213,34.67449711155882,1027.1934507332319
403,806,8.924395587141735,35.409011262804384,1027.3196494416025,5.777711332491954,34.673451113688095,1027.194542087969
404,808,8.893865355450327,35.40566050834577,1027.3218530686388,5.762103815057695,34.67240511581737,1027.195633442706
405,810,8.86333512375892,35.40230975388716,1027.3240566956752,5.746496297623436,34.67135911794664,1027.196724797443
406,812,8.832804892067513,35.398958999428544,1027.3262603227115,5.730888780189177,34.67031312007591,1027.19781615218
407,814,8.802274660376106,35.39560824496993,1027.3284639497479,5.7152812627549165,34.669267122205184,1027.198907506917
408,816,8.771744428684698,35.39225749051131,1027.3306675767844,5.699673745320657,34.66822112433446,1027.199998861654
409,818,8.74121419699329,35.3889067360527,1027.3328712038208,5.684066227886398,34.667175126463725,1027.201090216391
410,820,8.710683965301884,35.38555598159408,1027.3350748308571,5.668458710452139,34.666129128593,1027.202181571128
411,822,8.680153733610476,35.382205227135465,1027.3372784578935,5.65285119301788,34.66508313072227,1027.2032729258651
412,824,8.649623501919068,35.37885447267685,1027.3394820849298,5.637243675583621,34.66403713285155,1027.204364280602
413,826,8.619093270227662,35.37550371821824,1027.3416857119664,5.621636158149362,34.662991134980814,1027.2054556353391
414,828,8.588563038536254,35.372152963759625,1027.3438893390028,5.6060286407151025,34.66194513711009,1027.206546990076
415,830,8.558032806844846,35.36880220930101,1027.3460929660391,5.590421123280843,34.66089913923936,1027.2076383448132
416,832,8.52750257515344,35.36545145484239,1027.3482965930755,5.574813605846584,34.659853141368636,1027.20872969955
417,834,8.496972343462032,35.36210070038378,1027.3505002201118,5.559206088412325,34.6588071434979,1027.2098210542872
418,836,8.466442111770625,35.35874994592516,1027.3527038471484,5.543598570978066,34.65776114562718,1027.210912409024
419,838,8.435911880079217,35.355399191466546,1027.3549074741848,5.527991053543806,34.65671514775645,1027.2120037637612
420,840,8.40538164838781,35.35204843700793,1027.357111101221,5.512383536109547,34.65566914988572,1027.2130951184981
421,842,8.374851416696403,35.34869768254932,1027.3593147282575,5.496776018675288,34.65462315201499,1027.2141864732353
422,844,8.344321185004995,35.345346928090706,1027.3615183552938,5.4811685012410285,34.653577154144266,1027.2152778279722
423,846,8.313790953313587,35.34199617363209,1027.3637219823304,5.465560983806769,34.65253115627354,1027.2163691827093
424,848,8.283260721622181,35.338645419173474,1027.3659256093667,5.44995346637251,34.65148515840281,1027.2174605374462
425,850,8.252730489930773,35.33529466471486,1027.368129236403,5.434345948938251,34.65043916053208,1027.2185518921833
426,852,8.22661505730619,35.332763253749924,1027.3700678517857,5.419818840095484,34.64964082809564,1027.2196407946492
427,854,8.200499624681608,35.330231842785,1027.3720064671684,5.405291731252717,34.6488424956592,1027.220729697115
428,856,8.174384192057026,35.32770043182006,1027.373945082551,5.39076462240995,34.64804416322276,1027.2218185995807
429,858,8.148268759432442,35.325169020855135,1027.3758836979334,5.376237513567183,34.64724583078632,1027.2229075020466
430,860,8.12215332680786,35.3226376098902,1027.377822313316,5.361710404724415,34.64644749834988,1027.2239964045125
431,862,8.096037894183278,35.320106198925274,1027.3797609286987,5.347183295881648,34.64564916591344,1027.2250853069784
432,864,8.069922461558695,35.31757478796034,1027.3816995440814,5.332656187038881,34.644850833476994,1027.2261742094443
433,866,8.043807028934113,35.31504337699541,1027.383638159464,5.318129078196114,34.644052501040555,1027.22726311191
434,868,8.01769159630953,35.31251196603048,1027.3855767748466,5.303601969353347,34.643254168604116,1027.2283520143758
435,870,7.991576163684948,35.30998055506555,1027.387515390229,5.28907486051058,34.64245583616768,1027.2294409168417
436,872,7.9654607310603645,35.307449144100616,1027.3894540056117,5.274547751667813,34.64165750373123,1027.2305298193075
437,874,7.939345298435782,35.30491773313569,1027.3913926209943,5.2600206428250464,34.64085917129479,1027.2316187217734
438,876,7.9132298658112,35.302386322170754,1027.393331236377,5.245493533982279,34.64006083885835,1027.232707624239
439,878,7.887114433186618,35.29985491120583,1027.3952698517596,5.230966425139512,34.639262506421915,1027.233796526705
440,880,7.8609990005620345,35.29732350024089,1027.3972084671423,5.216439316296745,34.63846417398547,1027.2348854291708
441,882,7.834883567937452,35.294792089275965,1027.3991470825247,5.201912207453978,34.63766584154903,1027.2359743316367
442,884,7.80876813531287,35.29226067831103,1027.4010856979073,5.187385098611211,34.63686750911259,1027.2370632341026
443,886,7.782652702688287,35.289729267346104,1027.40302431329,5.172857989768444,34.63606917667615,1027.2381521365683
444,888,7.7565372700637045,35.28719785638117,1027.4049629286726,5.158330880925677,34.635270844239706,1027.2392410390341
445,890,7.730421837439122,35.28466644541624,1027.4069015440552,5.14380377208291,34.63447251180327,1027.2403299415
446,892,7.704306404814539,35.28213503445131,1027.408840159438,5.129276663240143,34.63367417936683,1027.241418843966
447,894,7.678190972189957,35.27960362348638,1027.4107787748203,5.114749554397375,34.63287584693039,1027.2425077464318
448,896,7.652075539565375,35.277072212521446,1027.412717390203,5.100222445554608,34.63207751449394,1027.2435966488974
449,898,7.625960106940791,35.27454080155652,1027.4146560055856,5.085695336711841,34.631279182057504,1027.2446855513633
450,900,7.599844674316209,35.272009390591585,1027.4165946209682,5.071168227869074,34.630480849621065,1027.2457744538292
451,902,7.577671747994306,35.270329675184456,1027.418455879886,5.059279696535811,34.63011307370528,1027.2468439303705
452,904,7.555498821672404,35.26864995977732,1027.4203171388037,5.047391165202548,34.6297452977895,1027.2479134069115
453,906,7.533325895350501,35.26697024437019,1027.4221783977216,5.035502633869285,34.62937752187372,1027.2489828834528
454,908,7.511152969028599,35.265290528963064,1027.4240396566395,5.023614102536022,34.62900974595794,1027.2500523599938
455,910,7.488980042706696,35.26361081355593,1027.4259009155573,5.011725571202759,34.62864197004215,1027.251121836535
456,912,7.4668071163847936,35.2619310981488,1027.427762174475,4.9998370398694965,34.62827419412637,1027.252191313076
457,914,7.4446341900628905,35.260251382741664,1027.4296234333929,4.987948508536233,34.627906418210586,1027.2532607896173
458,916,7.422461263740988,35.258571667334536,1027.4314846923107,4.97605997720297,34.62753864229481,1027.2543302661584
459,918,7.400288337419085,35.25689195192741,1027.4333459512284,4.964171445869707,34.627170866379025,1027.2553997426996
460,920,7.378115411097183,35.25521223652027,1027.4352072101462,4.952282914536444,34.62680309046324,1027.2564692192407
461,922,7.35594248477528,35.253532521113144,1027.4370684690641,4.940394383203182,34.62643531454746,1027.257538695782
462,924,7.333769558453378,35.251852805706015,1027.438929727982,4.928505851869918,34.62606753863167,1027.258608172323
463,926,7.311596632131475,35.25017309029888,1027.4407909868996,4.9166173205366555,34.6256997627159,1027.2596776488642
464,928,7.289423705809573,35.24849337489175,1027.4426522458175,4.904728789203392,34.62533198680011,1027.2607471254053
465,930,7.26725077948767,35.24681365948462,1027.4445135047354,4.892840257870129,34.62496421088433,1027.2618166019465
466,932,7.245077853165768,35.24513394407749,1027.4463747636532,4.880951726536867,34.624596434968545,1027.2628860784876
467,934,7.2229049268438645,35.24345422867036,1027.4482360225709,4.869063195203603,34.62422865905276,1027.2639555550288
468,936,7.200732000521962,35.24177451326323,1027.4500972814888,4.857174663870341,34.623860883136985,1027.2650250315698
469,938,7.178559074200059,35.240094797856095,1027.4519585404066,4.845286132537077,34.6234931072212,1027.266094508111
470,940,7.156386147878157,35.23841508244897,1027.4538197993243,4.8333976012038145,34.62312533130542,1027.2671639846521
471,942,7.134213221556254,35.23673536704183,1027.4556810582421,4.821509069870552,34.62275755538963,1027.2682334611934
472,944,7.112040295234352,35.2350556516347,1027.45754231716,4.809620538537288,34.62238977947385,1027.2693029377344
473,946,7.089867368912449,35.233375936227574,1027.4594035760779,4.797732007204026,34.62202200355807,1027.2703724142757
474,948,7.067694442590547,35.23169622082044,1027.4612648349955,4.785843475870762,34.62165422764229,1027.2714418908167
475,950,7.045521516268644,35.23001650541331,1027.4631260939134,4.7739549445375,34.621286451726505,1027.272511367358
476,952,7.02801059937793,35.22916915452457,1027.4648723640682,4.763978806750603,34.62128486974121,1027.2736186926868
477,954,7.010499682487216,35.22832180363582,1027.4666186342229,4.7540026689637065,34.621283287755915,1027.2747260180156
478,956,6.992988765596502,35.22747445274708,1027.4683649043777,4.74402653117681,34.62128170577062,1027.2758333433446
479,958,6.975477848705789,35.226627101858334,1027.4701111745323,4.734050393389913,34.621280123785326,1027.2769406686734
480,960,6.957966931815075,35.22577975096959,1027.4718574446872,4.724074255603018,34.62127854180003,1027.2780479940022
481,962,6.940456014924361,35.224932400080846,1027.473603714842,4.714098117816121,34.621276959814736,1027.279155319331
482,964,6.922945098033647,35.224085049192105,1027.4753499849967,4.704121980029225,34.62127537782944,1027.2802626446598
483,966,6.905434181142933,35.22323769830336,1027.4770962551515,4.694145842242328,34.62127379584415,1027.2813699699889
484,968,6.88792326425222,35.22239034741462,1027.4788425253062,4.684169704455432,34.62127221385885,1027.2824772953177
485,970,6.870412347361506,35.22154299652587,1027.480588795461,4.674193566668535,34.62127063187356,1027.2835846206465
486,972,6.852901430470792,35.22069564563713,1027.4823350656159,4.6642174288816385,34.62126904988826,1027.2846919459753
487,974,6.835390513580078,35.21984829474838,1027.4840813357705,4.654241291094742,34.62126746790297,1027.285799271304
488,976,6.817879596689364,35.21900094385964,1027.4858276059254,4.644265153307846,34.62126588591767,1027.2869065966331
489,978,6.800368679798651,35.21815359297089,1027.48757387608,4.63428901552095,34.62126430393238,1027.288013921962
490,980,6.782857762907937,35.21730624208215,1027.4893201462348,4.624312877734053,34.62126272194708,1027.2891212472907
491,982,6.765346846017223,35.216458891193405,1027.4910664163897,4.614336739947157,34.62126113996179,1027.2902285726195
492,984,6.747835929126509,35.215611540304664,1027.4928126865443,4.60436060216026,34.621259557976494,1027.2913358979483
493,986,6.730325012235795,35.21476418941592,1027.4945589566992,4.594384464373364,34.6212579759912,1027.2924432232774
494,988,6.712814095345082,35.213916838527176,1027.4963052268538,4.584408326586467,34.621256394005904,1027.2935505486062
495,990,6.695303178454368,35.21306948763843,1027.4980514970086,4.5744321887995705,34.62125481202061,1027.294657873935
496,992,6.677792261563654,35.21222213674969,1027.4997977671635,4.564456051012675,34.621253230035315,1027.2957651992638
497,994,6.66028134467294,35.21137478586094,1027.5015440373181,4.554479913225778,34.62125164805002,1027.2968725245926
498,996,6.642770427782226,35.2105274349722,1027.503290307473,4.544503775438882,34.621250066064725,1027.2979798499216
499,998,6.625259510891513,35.20968008408345,1027.5050365776276,4.534527637651985,34.62124848407943,1027.2990871752504
500,1000,6.607748594000799,35.20883273319471,1027.5067828477825,4.524551499865089,34.621246902094136,1027.3001945005792
